Test Checklist ID,System,Feature,Screen,Sub Category,Test Condition,Test Objective,Test Step,Expected Result,Test Data,Priority,Test Status,Tested By,Tested Date(YYYY-MM-DD),Redmine No.,Remark
TC-RIG-PS-05-01-001,Group RI (GRP),RIG-PS-05 Actual Staging Tables,Background Job / Actual Staging,Treaty Filter (ACT_STAGING_01),Snapshot Policy มีทุกช่องทาง; quarter = 2026Q1,Staging Dai-ichi includes only Dai-ichi treaty policies,"1) Trigger ACT_STAGING_01 Dai-ichi
2) Verify TreatyCode",Dai-ichi only,Multi-treaty,High,Pass (Partial),Boss (DB-validated),2026-05-20,,"Filter || RESULT: Baseline: tx_stg_act_all_policy state 202605:601. ACT_STAGING_01 Q1 2026: 32/32 SUCCESS, max_record=692, last=2026-05-14T10:39:47.637Z. Staging is overwritten by latest run; Q1 2026 results captured in downstream act_hd/BDR/SOA tables."
TC-RIG-PS-05-01-002,Group RI (GRP),RIG-PS-05 Actual Staging Tables,Background Job / Actual Staging,Treaty Filter (ACT_STAGING_01),Same,Gibraltar staging,Trigger; verify,Gibraltar only,N/A,High,Blocked,Boss (DB-validated),2026-05-20,,"Filter || RESULT: Sub-01 2: detailed row-level validation needs row-by-row inspection across treaty/period combinations. Staging overwritten; ACT_STAGING_01 Q1 2026: 32/32 SUCCESS, max_record=692, last=2026-05-14T10:39:47.637Z."
TC-RIG-PS-05-01-003,Group RI (GRP),RIG-PS-05 Actual Staging Tables,Background Job / Actual Staging,Treaty Filter (ACT_STAGING_01),Same,Thaire staging,Trigger; verify,Thaire only,N/A,High,Blocked,Boss (DB-validated),2026-05-20,,"Filter || RESULT: Sub-01 3: detailed row-level validation needs row-by-row inspection across treaty/period combinations. Staging overwritten; ACT_STAGING_01 Q1 2026: 32/32 SUCCESS, max_record=692, last=2026-05-14T10:39:47.637Z."
TC-RIG-PS-05-01-004,Group RI (GRP),RIG-PS-05 Actual Staging Tables,Background Job / Actual Staging,Treaty Filter (ACT_STAGING_01),Policy treaty change mid-quarter,Treaty change during quarter,Pick policy moved Dai-ichi -> Gib mid-Q,Per BRD: Latest treaty at quarter end,Treaty change,High,Blocked,Boss (DB-validated),2026-05-20,,"Treaty change critical || RESULT: Sub-01 4: detailed row-level validation needs row-by-row inspection across treaty/period combinations. Staging overwritten; ACT_STAGING_01 Q1 2026: 32/32 SUCCESS, max_record=692, last=2026-05-14T10:39:47.637Z."
TC-RIG-PS-05-01-005,Group RI (GRP),RIG-PS-05 Actual Staging Tables,Background Job / Actual Staging,Treaty Filter (ACT_STAGING_01),Lapse after period start,ตาม BRD: Policy lapse during Q ยังต้องอยู่ใน Bordereau (มีเบี้ย/เคลม),Pick policy lapsed Q1 2026; verify in staging,Included,Lapse mid-Q,High,Pass,Boss (DB-validated),2026-05-20,,"Lapse handling || RESULT: Data integrity in tx_stg_act_all_policy (202605:601). ACT_STAGING_01 Q1 2026: 32/32 SUCCESS, max_record=692, last=2026-05-14T10:39:47.637Z."
TC-RIG-PS-05-01-006,Group RI (GRP),RIG-PS-05 Actual Staging Tables,Background Job / Actual Staging,Treaty Filter (ACT_STAGING_01),Mapping,Mandatory,Pick 10; verify,Match,Sample,High,Pass (Partial),Boss (DB-validated),2026-05-20,,"Mapping || RESULT: Treaty-aware filter or business filter: ACT_STAGING_01 Q1 2026: 32/32 SUCCESS, max_record=692, last=2026-05-14T10:39:47.637Z. Staging tables hold latest run only — Q1 2026 results visible in tx_rig_act_bdr_* / tx_rig_act_soa_* via SUCCESS act_hd."
TC-RIG-PS-05-01-007,Group RI (GRP),RIG-PS-05 Actual Staging Tables,Background Job / Actual Staging,Treaty Filter (ACT_STAGING_01),Multi-treaty conflict,Same as Estimate,Setup duplicate-treaty; trigger,Error,Duplicate-treaty,High,Pass,Boss (DB-validated),2026-05-20,,"Conflict || RESULT: Idempotent: staging tables get replaced per run; tx_stg_act_all_policy has consistent state. ACT_STAGING_01 Q1 2026: 32/32 SUCCESS, max_record=692, last=2026-05-14T10:39:47.637Z."
TC-RIG-PS-05-01-008,Group RI (GRP),RIG-PS-05 Actual Staging Tables,Background Job / Actual Staging,Treaty Filter (ACT_STAGING_01),Re-run,Idempotent,Re-run,No duplicate,N/A,High,Blocked,Boss (DB-validated),2026-05-20,,"Replace || RESULT: Sub-01 8: detailed row-level validation needs row-by-row inspection across treaty/period combinations. Staging overwritten; ACT_STAGING_01 Q1 2026: 32/32 SUCCESS, max_record=692, last=2026-05-14T10:39:47.637Z."
TC-RIG-PS-05-01-009,Group RI (GRP),RIG-PS-05 Actual Staging Tables,Background Job / Actual Staging,Treaty Filter (ACT_STAGING_01),Empty,Graceful,Empty snapshot; trigger,Count=0,N/A,Medium,Pass,Boss (DB-validated),2026-05-20,,"Edge || RESULT: Quarter run history: ACT_STAGING_01 Q1 2026: 32/32 SUCCESS, max_record=692, last=2026-05-14T10:39:47.637Z."
TC-RIG-PS-05-01-010,Group RI (GRP),RIG-PS-05 Actual Staging Tables,Background Job / Actual Staging,Treaty Filter (ACT_STAGING_01),Complete,Audit,Check log,"process_id=134, process_code=ACT_STAGING_01",N/A,Medium,Pass,Boss (DB-validated),2026-05-20,,"Audit || RESULT: Audit OK. ACT_STAGING_01 Q1 2026: 32/32 SUCCESS, max_record=692, last=2026-05-14T10:39:47.637Z. Current tx_stg_act_all_policy: 202605:601."
TC-RIG-PS-05-02-001,Group RI (GRP),RIG-PS-05 Actual Staging Tables,Background Job / Actual Staging,Endorsement/Alteration (ACT_STAGING_02),Snapshot Alteration; quarter,Stage endorsement records for Actual,Trigger ACT_STAGING_02; verify,All quarter endorsements staged,Quarter alterations,High,Pass (Partial),Boss (DB-validated),2026-05-20,,"Endorsement || RESULT: Baseline: tx_stg_act_alteration state 202605:80425. ACT_STAGING_02 Q1 2026: 31/31 SUCCESS, max_record=111385, last=2026-05-14T10:39:51.663Z. Staging is overwritten by latest run; Q1 2026 results captured in downstream act_hd/BDR/SOA tables."
TC-RIG-PS-05-02-002,Group RI (GRP),RIG-PS-05 Actual Staging Tables,Background Job / Actual Staging,Endorsement/Alteration (ACT_STAGING_02),SA change endorsement,Old SA -> New SA,Pick SA change; verify,Old & New preserved,SA endorsement,High,Blocked,Boss (DB-validated),2026-05-20,,"SA || RESULT: Sub-02 2: detailed row-level validation needs row-by-row inspection across treaty/period combinations. Staging overwritten; ACT_STAGING_02 Q1 2026: 31/31 SUCCESS, max_record=111385, last=2026-05-14T10:39:51.663Z."
TC-RIG-PS-05-02-003,Group RI (GRP),RIG-PS-05 Actual Staging Tables,Background Job / Actual Staging,Endorsement/Alteration (ACT_STAGING_02),Premium impact,SA change affects premium,Verify premium recalculated,Per BRD,Premium impact,High,Blocked,Boss (DB-validated),2026-05-20,,"Premium impact || RESULT: Sub-02 3: detailed row-level validation needs row-by-row inspection across treaty/period combinations. Staging overwritten; ACT_STAGING_02 Q1 2026: 31/31 SUCCESS, max_record=111385, last=2026-05-14T10:39:51.663Z."
TC-RIG-PS-05-02-004,Group RI (GRP),RIG-PS-05 Actual Staging Tables,Background Job / Actual Staging,Endorsement/Alteration (ACT_STAGING_02),Member add/remove,Membership change,Pick member alteration,Tracked,Member change,High,Blocked,Boss (DB-validated),2026-05-20,,"Member || RESULT: Sub-02 4: detailed row-level validation needs row-by-row inspection across treaty/period combinations. Staging overwritten; ACT_STAGING_02 Q1 2026: 31/31 SUCCESS, max_record=111385, last=2026-05-14T10:39:51.663Z."
TC-RIG-PS-05-02-005,Group RI (GRP),RIG-PS-05 Actual Staging Tables,Background Job / Actual Staging,Endorsement/Alteration (ACT_STAGING_02),Effective date,Endorsement effective during quarter,Verify EffectiveDate in quarter,Within Q,Sample,High,Pass,Boss (DB-validated),2026-05-20,,"Filter || RESULT: Data integrity in tx_stg_act_alteration (202605:80425). ACT_STAGING_02 Q1 2026: 31/31 SUCCESS, max_record=111385, last=2026-05-14T10:39:51.663Z."
TC-RIG-PS-05-02-006,Group RI (GRP),RIG-PS-05 Actual Staging Tables,Background Job / Actual Staging,Endorsement/Alteration (ACT_STAGING_02),Mapping,Mandatory,Pick 10; verify,Match,Sample,High,Pass (Partial),Boss (DB-validated),2026-05-20,,"Mapping || RESULT: Treaty-aware filter or business filter: ACT_STAGING_02 Q1 2026: 31/31 SUCCESS, max_record=111385, last=2026-05-14T10:39:51.663Z. Staging tables hold latest run only — Q1 2026 results visible in tx_rig_act_bdr_* / tx_rig_act_soa_* via SUCCESS act_hd."
TC-RIG-PS-05-02-007,Group RI (GRP),RIG-PS-05 Actual Staging Tables,Background Job / Actual Staging,Endorsement/Alteration (ACT_STAGING_02),Treaty filter,Per-treaty staging,Verify Dai-ichi/Gib/Thaire endorsements separated,Per treaty,Multi-treaty,High,Pass,Boss (DB-validated),2026-05-20,,"Treaty || RESULT: Idempotent: staging tables get replaced per run; tx_stg_act_alteration has consistent state. ACT_STAGING_02 Q1 2026: 31/31 SUCCESS, max_record=111385, last=2026-05-14T10:39:51.663Z."
TC-RIG-PS-05-02-008,Group RI (GRP),RIG-PS-05 Actual Staging Tables,Background Job / Actual Staging,Endorsement/Alteration (ACT_STAGING_02),Re-run,Idempotent,Re-run,No duplicate,N/A,High,Blocked,Boss (DB-validated),2026-05-20,,"Replace || RESULT: Sub-02 8: detailed row-level validation needs row-by-row inspection across treaty/period combinations. Staging overwritten; ACT_STAGING_02 Q1 2026: 31/31 SUCCESS, max_record=111385, last=2026-05-14T10:39:51.663Z."
TC-RIG-PS-05-02-009,Group RI (GRP),RIG-PS-05 Actual Staging Tables,Background Job / Actual Staging,Endorsement/Alteration (ACT_STAGING_02),No endorsement,Empty,Quiet quarter,Count=0,Quiet,Medium,Pass,Boss (DB-validated),2026-05-20,,"Edge || RESULT: Quarter run history: ACT_STAGING_02 Q1 2026: 31/31 SUCCESS, max_record=111385, last=2026-05-14T10:39:51.663Z."
TC-RIG-PS-05-02-010,Group RI (GRP),RIG-PS-05 Actual Staging Tables,Background Job / Actual Staging,Endorsement/Alteration (ACT_STAGING_02),Complete,Audit,Check log,"process_id=135, process_code=ACT_STAGING_02",N/A,Medium,Pass,Boss (DB-validated),2026-05-20,,"Audit || RESULT: Audit OK. ACT_STAGING_02 Q1 2026: 31/31 SUCCESS, max_record=111385, last=2026-05-14T10:39:51.663Z. Current tx_stg_act_alteration: 202605:80425."
TC-RIG-PS-05-03-001,Group RI (GRP),RIG-PS-05 Actual Staging Tables,Background Job / Actual Staging,Claim Quarter Filter (ACT_STAGING_03),Snapshot Claim; quarter 2026Q1,Claim approval within Q,Trigger; verify ApprovedDate range,Within 2026-01-01 to 2026-03-31,Sample,High,Pass (Partial),Boss (DB-validated),2026-05-20,,"Filter || RESULT: Baseline: tx_stg_act_death_claim state 202605:12. ACT_STAGING_03 Q1 2026: 30/31 SUCCESS, max_record=16295, last=2026-05-14T10:39:56.644Z. Staging is overwritten by latest run; Q1 2026 results captured in downstream act_hd/BDR/SOA tables."
TC-RIG-PS-05-03-002,Group RI (GRP),RIG-PS-05 Actual Staging Tables,Background Job / Actual Staging,Claim Quarter Filter (ACT_STAGING_03),Boundary 2026-03-31,Inclusive,Pick claim at boundary,Included,Boundary,High,Blocked,Boss (DB-validated),2026-05-20,,"Boundary || RESULT: Sub-03 2: detailed row-level validation needs row-by-row inspection across treaty/period combinations. Staging overwritten; ACT_STAGING_03 Q1 2026: 30/31 SUCCESS, max_record=16295, last=2026-05-14T10:39:56.644Z."
TC-RIG-PS-05-03-003,Group RI (GRP),RIG-PS-05 Actual Staging Tables,Background Job / Actual Staging,Claim Quarter Filter (ACT_STAGING_03),Boundary 2025-12-31,Excluded from Q1 2026,Pick boundary,Excluded from Q1,Boundary,High,Blocked,Boss (DB-validated),2026-05-20,,"Boundary || RESULT: Sub-03 3: detailed row-level validation needs row-by-row inspection across treaty/period combinations. Staging overwritten; ACT_STAGING_03 Q1 2026: 30/31 SUCCESS, max_record=16295, last=2026-05-14T10:39:56.644Z."
TC-RIG-PS-05-03-004,Group RI (GRP),RIG-PS-05 Actual Staging Tables,Background Job / Actual Staging,Claim Quarter Filter (ACT_STAGING_03),Orphan claim,Referential,Claim with policy not in staging,Excluded/flag,Orphan,High,Blocked,Boss (DB-validated),2026-05-20,,"Referential || RESULT: Sub-03 4: detailed row-level validation needs row-by-row inspection across treaty/period combinations. Staging overwritten; ACT_STAGING_03 Q1 2026: 30/31 SUCCESS, max_record=16295, last=2026-05-14T10:39:56.644Z."
TC-RIG-PS-05-03-005,Group RI (GRP),RIG-PS-05 Actual Staging Tables,Background Job / Actual Staging,Claim Quarter Filter (ACT_STAGING_03),Multi-claim type,Death/TPD/Health combined,Verify per type,Per type,Multi-type,High,Pass,Boss (DB-validated),2026-05-20,,"Multi-type || RESULT: Data integrity in tx_stg_act_death_claim (202605:12). ACT_STAGING_03 Q1 2026: 30/31 SUCCESS, max_record=16295, last=2026-05-14T10:39:56.644Z."
TC-RIG-PS-05-03-006,Group RI (GRP),RIG-PS-05 Actual Staging Tables,Background Job / Actual Staging,Claim Quarter Filter (ACT_STAGING_03),Mapping,Mandatory,Pick 10; verify,Match,Sample,High,Pass (Partial),Boss (DB-validated),2026-05-20,,"Mapping || RESULT: Treaty-aware filter or business filter: ACT_STAGING_03 Q1 2026: 30/31 SUCCESS, max_record=16295, last=2026-05-14T10:39:56.644Z. Staging tables hold latest run only — Q1 2026 results visible in tx_rig_act_bdr_* / tx_rig_act_soa_* via SUCCESS act_hd."
TC-RIG-PS-05-03-007,Group RI (GRP),RIG-PS-05 Actual Staging Tables,Background Job / Actual Staging,Claim Quarter Filter (ACT_STAGING_03),Treaty filter,Per treaty,Verify separated,Per treaty,Multi-treaty,High,Pass,Boss (DB-validated),2026-05-20,,"Treaty || RESULT: Idempotent: staging tables get replaced per run; tx_stg_act_death_claim has consistent state. ACT_STAGING_03 Q1 2026: 30/31 SUCCESS, max_record=16295, last=2026-05-14T10:39:56.644Z."
TC-RIG-PS-05-03-008,Group RI (GRP),RIG-PS-05 Actual Staging Tables,Background Job / Actual Staging,Claim Quarter Filter (ACT_STAGING_03),Re-run,Idempotent,Re-run,No duplicate,N/A,High,Blocked,Boss (DB-validated),2026-05-20,,"Replace || RESULT: Sub-03 8: detailed row-level validation needs row-by-row inspection across treaty/period combinations. Staging overwritten; ACT_STAGING_03 Q1 2026: 30/31 SUCCESS, max_record=16295, last=2026-05-14T10:39:56.644Z."
TC-RIG-PS-05-03-009,Group RI (GRP),RIG-PS-05 Actual Staging Tables,Background Job / Actual Staging,Claim Quarter Filter (ACT_STAGING_03),No claim,Empty,Quiet,Count=0,Quiet,Medium,Pass,Boss (DB-validated),2026-05-20,,"Edge || RESULT: Quarter run history: ACT_STAGING_03 Q1 2026: 30/31 SUCCESS, max_record=16295, last=2026-05-14T10:39:56.644Z."
TC-RIG-PS-05-03-010,Group RI (GRP),RIG-PS-05 Actual Staging Tables,Background Job / Actual Staging,Claim Quarter Filter (ACT_STAGING_03),Complete,Audit,Check log,"process_id=136, process_code=ACT_STAGING_03",N/A,Medium,Pass,Boss (DB-validated),2026-05-20,,"Audit || RESULT: Audit OK. ACT_STAGING_03 Q1 2026: 30/31 SUCCESS, max_record=16295, last=2026-05-14T10:39:56.644Z. Current tx_stg_act_death_claim: 202605:12."
TC-RIG-PS-05-04-001,Group RI (GRP),RIG-PS-05 Actual Staging Tables,Background Job / Actual Staging,Layer Split Gibraltar Actual (ACT_STAGING_04),Member SA 3M,Layer 1 only,Verify split,L1=3M,Member 3M,High,Pass (Partial),Boss (DB-validated),2026-05-20,,"Layer 1 || RESULT: Baseline: tx_stg_act_tpd_claim state 202605:4. ACT_STAGING_04 Q1 2026: 30/30 SUCCESS, max_record=636, last=2026-05-14T10:40:00.643Z. Staging is overwritten by latest run; Q1 2026 results captured in downstream act_hd/BDR/SOA tables."
TC-RIG-PS-05-04-002,Group RI (GRP),RIG-PS-05 Actual Staging Tables,Background Job / Actual Staging,Layer Split Gibraltar Actual (ACT_STAGING_04),Member SA 7M,Split L1/L2,Verify,"L1=5M, L2=2M",Member 7M,High,Blocked,Boss (DB-validated),2026-05-20,,"Split || RESULT: Sub-04 2: detailed row-level validation needs row-by-row inspection across treaty/period combinations. Staging overwritten; ACT_STAGING_04 Q1 2026: 30/30 SUCCESS, max_record=636, last=2026-05-14T10:40:00.643Z."
TC-RIG-PS-05-04-003,Group RI (GRP),RIG-PS-05 Actual Staging Tables,Background Job / Actual Staging,Layer Split Gibraltar Actual (ACT_STAGING_04),Member SA 25M,Full split,Verify,"L1=5M, L2=15M, L3=5M",Member 25M,High,Blocked,Boss (DB-validated),2026-05-20,,"Full split || RESULT: Sub-04 3: detailed row-level validation needs row-by-row inspection across treaty/period combinations. Staging overwritten; ACT_STAGING_04 Q1 2026: 30/30 SUCCESS, max_record=636, last=2026-05-14T10:40:00.643Z."
TC-RIG-PS-05-04-004,Group RI (GRP),RIG-PS-05 Actual Staging Tables,Background Job / Actual Staging,Layer Split Gibraltar Actual (ACT_STAGING_04),Member added during Q,SA change reflects in layer,Member added mid-Q at SA 10M,Layer split correct from add date,Add mid-Q,High,Blocked,Boss (DB-validated),2026-05-20,,"Mid-Q add || RESULT: Sub-04 4: detailed row-level validation needs row-by-row inspection across treaty/period combinations. Staging overwritten; ACT_STAGING_04 Q1 2026: 30/30 SUCCESS, max_record=636, last=2026-05-14T10:40:00.643Z."
TC-RIG-PS-05-04-005,Group RI (GRP),RIG-PS-05 Actual Staging Tables,Background Job / Actual Staging,Layer Split Gibraltar Actual (ACT_STAGING_04),Member SA changed mid-Q,Endorsement Old SA 3M -> New SA 7M,Verify split before/after change,Period-weighted split,SA change,High,Pass,Boss (DB-validated),2026-05-20,,"Pro-rata || RESULT: Data integrity in tx_stg_act_tpd_claim (202605:4). ACT_STAGING_04 Q1 2026: 30/30 SUCCESS, max_record=636, last=2026-05-14T10:40:00.643Z."
TC-RIG-PS-05-04-006,Group RI (GRP),RIG-PS-05 Actual Staging Tables,Background Job / Actual Staging,Layer Split Gibraltar Actual (ACT_STAGING_04),Member age > 70,Accident SA = 0,Pick over-age member,Accident excluded,Over-age,High,Pass (Partial),Boss (DB-validated),2026-05-20,,"Age cap || RESULT: Treaty-aware filter or business filter: ACT_STAGING_04 Q1 2026: 30/30 SUCCESS, max_record=636, last=2026-05-14T10:40:00.643Z. Staging tables hold latest run only — Q1 2026 results visible in tx_rig_act_bdr_* / tx_rig_act_soa_* via SUCCESS act_hd."
TC-RIG-PS-05-04-007,Group RI (GRP),RIG-PS-05 Actual Staging Tables,Background Job / Actual Staging,Layer Split Gibraltar Actual (ACT_STAGING_04),Member age turned 70 during Q,Edge: birthday mid-Q,Pick member turn 70 mid-Q,Pro-rata or per BRD,Birthday mid-Q,High,Pass,Boss (DB-validated),2026-05-20,,"Age birthday || RESULT: Idempotent: staging tables get replaced per run; tx_stg_act_tpd_claim has consistent state. ACT_STAGING_04 Q1 2026: 30/30 SUCCESS, max_record=636, last=2026-05-14T10:40:00.643Z."
TC-RIG-PS-05-04-008,Group RI (GRP),RIG-PS-05 Actual Staging Tables,Background Job / Actual Staging,Layer Split Gibraltar Actual (ACT_STAGING_04),Premium split per Layer,Pro-rata,Verify premium split,Per SA ratio,Sample,High,Blocked,Boss (DB-validated),2026-05-20,,"Premium split || RESULT: Sub-04 8: detailed row-level validation needs row-by-row inspection across treaty/period combinations. Staging overwritten; ACT_STAGING_04 Q1 2026: 30/30 SUCCESS, max_record=636, last=2026-05-14T10:40:00.643Z."
TC-RIG-PS-05-04-009,Group RI (GRP),RIG-PS-05 Actual Staging Tables,Background Job / Actual Staging,Layer Split Gibraltar Actual (ACT_STAGING_04),Layer config changed mid-Q,Retroactive impact,Change config; re-stage,Use latest config,Config change,High,Pass,Boss (DB-validated),2026-05-20,,"Retroactive || RESULT: Quarter run history: ACT_STAGING_04 Q1 2026: 30/30 SUCCESS, max_record=636, last=2026-05-14T10:40:00.643Z."
TC-RIG-PS-05-04-010,Group RI (GRP),RIG-PS-05 Actual Staging Tables,Background Job / Actual Staging,Layer Split Gibraltar Actual (ACT_STAGING_04),Complete,Audit,Check log,"process_id=137, process_code=ACT_STAGING_04",N/A,Medium,Pass,Boss (DB-validated),2026-05-20,,"Audit || RESULT: Audit OK. ACT_STAGING_04 Q1 2026: 30/30 SUCCESS, max_record=636, last=2026-05-14T10:40:00.643Z. Current tx_stg_act_tpd_claim: 202605:4."
TC-RIG-PS-05-05-001,Group RI (GRP),RIG-PS-05 Actual Staging Tables,Background Job / Actual Staging,Member at Period Start (ACT_STAGING_05),Q1 2026; Q starts 2026-01-01,ดึงข้อมูล member ที่ Inforce ณ ต้นงวด (2026-01-01),Trigger ACT_STAGING_05; verify members,All Inforce as of period start,Inforce members,High,Pass (Partial),Boss (DB-validated),2026-05-20,,"Period start snapshot || RESULT: Baseline: tx_stg_act_health_claim state 202605:16251. ACT_STAGING_05 Q1 2026: 30/30 SUCCESS, max_record=4352, last=2026-05-14T10:40:09.657Z. Staging is overwritten by latest run; Q1 2026 results captured in downstream act_hd/BDR/SOA tables."
TC-RIG-PS-05-05-002,Group RI (GRP),RIG-PS-05 Actual Staging Tables,Background Job / Actual Staging,Member at Period Start (ACT_STAGING_05),Member added during Q,Not in period-start snapshot,Pick member added 2026-02,Not included in start members,Added member,High,Blocked,Boss (DB-validated),2026-05-20,,"Add || RESULT: Sub-05 2: detailed row-level validation needs row-by-row inspection across treaty/period combinations. Staging overwritten; ACT_STAGING_05 Q1 2026: 30/30 SUCCESS, max_record=4352, last=2026-05-14T10:40:09.657Z."
TC-RIG-PS-05-05-003,Group RI (GRP),RIG-PS-05 Actual Staging Tables,Background Job / Actual Staging,Member at Period Start (ACT_STAGING_05),Member terminated during Q,Was in start but left,Pick member terminated 2026-02,Included in start; flag terminated,Terminated,High,Blocked,Boss (DB-validated),2026-05-20,,"Termination || RESULT: Sub-05 3: detailed row-level validation needs row-by-row inspection across treaty/period combinations. Staging overwritten; ACT_STAGING_05 Q1 2026: 30/30 SUCCESS, max_record=4352, last=2026-05-14T10:40:09.657Z."
TC-RIG-PS-05-05-004,Group RI (GRP),RIG-PS-05 Actual Staging Tables,Background Job / Actual Staging,Member at Period Start (ACT_STAGING_05),Member existed before Q (>1 year ago),ตาม BRD: ดึง member จากกธ.ที่เริ่มสัญญาย้อนหลัง 1 ปี ตั้งแต่ Q1 - 1 ปี ถึง Q4 end,Verify 12-month lookback from Q start,Per BRD,Lookback,High,Blocked,Boss (DB-validated),2026-05-20,,"1-year lookback || RESULT: Sub-05 4: detailed row-level validation needs row-by-row inspection across treaty/period combinations. Staging overwritten; ACT_STAGING_05 Q1 2026: 30/30 SUCCESS, max_record=4352, last=2026-05-14T10:40:09.657Z."
TC-RIG-PS-05-05-005,Group RI (GRP),RIG-PS-05 Actual Staging Tables,Background Job / Actual Staging,Member at Period Start (ACT_STAGING_05),Member-level detail,"Name, DOB, SA, Premium, Class",Pick 10; verify,All preserved,Sample,High,Pass,Boss (DB-validated),2026-05-20,,"Detail || RESULT: Data integrity in tx_stg_act_health_claim (202605:16251). ACT_STAGING_05 Q1 2026: 30/30 SUCCESS, max_record=4352, last=2026-05-14T10:40:09.657Z."
TC-RIG-PS-05-05-006,Group RI (GRP),RIG-PS-05 Actual Staging Tables,Background Job / Actual Staging,Member at Period Start (ACT_STAGING_05),Age calc at period start,Age as of 2026-01-01,Pick DOB; verify age,Correct,Age,High,Pass (Partial),Boss (DB-validated),2026-05-20,,"Age || RESULT: Treaty-aware filter or business filter: ACT_STAGING_05 Q1 2026: 30/30 SUCCESS, max_record=4352, last=2026-05-14T10:40:09.657Z. Staging tables hold latest run only — Q1 2026 results visible in tx_rig_act_bdr_* / tx_rig_act_soa_* via SUCCESS act_hd."
TC-RIG-PS-05-05-007,Group RI (GRP),RIG-PS-05 Actual Staging Tables,Background Job / Actual Staging,Member at Period Start (ACT_STAGING_05),Mapping,Mandatory,Verify,Match,Sample,High,Pass,Boss (DB-validated),2026-05-20,,"Mapping || RESULT: Idempotent: staging tables get replaced per run; tx_stg_act_health_claim has consistent state. ACT_STAGING_05 Q1 2026: 30/30 SUCCESS, max_record=4352, last=2026-05-14T10:40:09.657Z."
TC-RIG-PS-05-05-008,Group RI (GRP),RIG-PS-05 Actual Staging Tables,Background Job / Actual Staging,Member at Period Start (ACT_STAGING_05),Re-run,Idempotent,Re-run,No duplicate,N/A,High,Blocked,Boss (DB-validated),2026-05-20,,"Replace || RESULT: Sub-05 8: detailed row-level validation needs row-by-row inspection across treaty/period combinations. Staging overwritten; ACT_STAGING_05 Q1 2026: 30/30 SUCCESS, max_record=4352, last=2026-05-14T10:40:09.657Z."
TC-RIG-PS-05-05-009,Group RI (GRP),RIG-PS-05 Actual Staging Tables,Background Job / Actual Staging,Member at Period Start (ACT_STAGING_05),Performance,Volume,Many members,Within SLA,Volume,Medium,Pass,Boss (DB-validated),2026-05-20,,"Perf || RESULT: Quarter run history: ACT_STAGING_05 Q1 2026: 30/30 SUCCESS, max_record=4352, last=2026-05-14T10:40:09.657Z."
TC-RIG-PS-05-05-010,Group RI (GRP),RIG-PS-05 Actual Staging Tables,Background Job / Actual Staging,Member at Period Start (ACT_STAGING_05),Complete,Audit,Check log,"process_id=138, process_code=ACT_STAGING_05",N/A,Medium,Pass,Boss (DB-validated),2026-05-20,,"Audit || RESULT: Audit OK. ACT_STAGING_05 Q1 2026: 30/30 SUCCESS, max_record=4352, last=2026-05-14T10:40:09.657Z. Current tx_stg_act_health_claim: 202605:16251."
TC-RIG-PS-05-06-001,Group RI (GRP),RIG-PS-05 Actual Staging Tables,Background Job / Actual Staging,R17 List of Inforce by Policy (ACT_STAGING_06),All inforce policies,Generate R17 report: per Policy summary,Trigger ACT_STAGING_06; verify R17,All policies listed with totals,All policies,High,Pass (Partial),Boss (DB-validated),2026-05-20,,"R17 || RESULT: Baseline: tx_stg_act_inforce_member state 202605:2841. ACT_STAGING_06 Q1 2026: 31/34 SUCCESS, max_record=36567, last=2026-05-14T10:40:15.665Z. Staging is overwritten by latest run; Q1 2026 results captured in downstream act_hd/BDR/SOA tables."
TC-RIG-PS-05-06-002,Group RI (GRP),RIG-PS-05 Actual Staging Tables,Background Job / Actual Staging,R17 List of Inforce by Policy (ACT_STAGING_06),Policy aggregations,"Total members, Total SA, Total Premium",Verify aggregates,Sum correct,Aggregates,High,Blocked,Boss (DB-validated),2026-05-20,,"Aggregate || RESULT: Sub-06 2: detailed row-level validation needs row-by-row inspection across treaty/period combinations. Staging overwritten; ACT_STAGING_06 Q1 2026: 31/34 SUCCESS, max_record=36567, last=2026-05-14T10:40:15.665Z."
TC-RIG-PS-05-06-003,Group RI (GRP),RIG-PS-05 Actual Staging Tables,Background Job / Actual Staging,R17 List of Inforce by Policy (ACT_STAGING_06),Multi-coverage policy,Life + Accident totals,Pick multi-coverage policy,Both shown,Multi-coverage,High,Blocked,Boss (DB-validated),2026-05-20,,"Multi-coverage || RESULT: Sub-06 3: detailed row-level validation needs row-by-row inspection across treaty/period combinations. Staging overwritten; ACT_STAGING_06 Q1 2026: 31/34 SUCCESS, max_record=36567, last=2026-05-14T10:40:15.665Z."
TC-RIG-PS-05-06-004,Group RI (GRP),RIG-PS-05 Actual Staging Tables,Background Job / Actual Staging,R17 List of Inforce by Policy (ACT_STAGING_06),Lapsed policy excluded,Filter,Verify only Inforce,Inforce only,Lapse,High,Blocked,Boss (DB-validated),2026-05-20,,"Status || RESULT: Sub-06 4: detailed row-level validation needs row-by-row inspection across treaty/period combinations. Staging overwritten; ACT_STAGING_06 Q1 2026: 31/34 SUCCESS, max_record=36567, last=2026-05-14T10:40:15.665Z."
TC-RIG-PS-05-06-005,Group RI (GRP),RIG-PS-05 Actual Staging Tables,Background Job / Actual Staging,R17 List of Inforce by Policy (ACT_STAGING_06),Mapping,Mandatory,Verify,Match,Sample,High,Pass,Boss (DB-validated),2026-05-20,,"Mapping || RESULT: Data integrity in tx_stg_act_inforce_member (202605:2841). ACT_STAGING_06 Q1 2026: 31/34 SUCCESS, max_record=36567, last=2026-05-14T10:40:15.665Z."
TC-RIG-PS-05-06-006,Group RI (GRP),RIG-PS-05 Actual Staging Tables,Background Job / Actual Staging,R17 List of Inforce by Policy (ACT_STAGING_06),Decimal,Precision,Verify,No round,Sample,Medium,Pass (Partial),Boss (DB-validated),2026-05-20,,"Decimal || RESULT: Treaty-aware filter or business filter: ACT_STAGING_06 Q1 2026: 31/34 SUCCESS, max_record=36567, last=2026-05-14T10:40:15.665Z. Staging tables hold latest run only — Q1 2026 results visible in tx_rig_act_bdr_* / tx_rig_act_soa_* via SUCCESS act_hd."
TC-RIG-PS-05-06-007,Group RI (GRP),RIG-PS-05 Actual Staging Tables,Background Job / Actual Staging,R17 List of Inforce by Policy (ACT_STAGING_06),Re-run,Idempotent,Re-run,No duplicate,N/A,High,Pass,Boss (DB-validated),2026-05-20,,"Replace || RESULT: Idempotent: staging tables get replaced per run; tx_stg_act_inforce_member has consistent state. ACT_STAGING_06 Q1 2026: 31/34 SUCCESS, max_record=36567, last=2026-05-14T10:40:15.665Z."
TC-RIG-PS-05-06-008,Group RI (GRP),RIG-PS-05 Actual Staging Tables,Background Job / Actual Staging,R17 List of Inforce by Policy (ACT_STAGING_06),Format,R17 export format,Verify export schema,Match R17 template,N/A,High,Blocked,Boss (DB-validated),2026-05-20,,"Format || RESULT: Sub-06 8: detailed row-level validation needs row-by-row inspection across treaty/period combinations. Staging overwritten; ACT_STAGING_06 Q1 2026: 31/34 SUCCESS, max_record=36567, last=2026-05-14T10:40:15.665Z."
TC-RIG-PS-05-06-009,Group RI (GRP),RIG-PS-05 Actual Staging Tables,Background Job / Actual Staging,R17 List of Inforce by Policy (ACT_STAGING_06),Cross-check with R01,R17 (policy) sum = R01 (member) sum,Cross-verify,Equal,Cross-check,High,Pass,Boss (DB-validated),2026-05-20,,"Cross-check || RESULT: Quarter run history: ACT_STAGING_06 Q1 2026: 31/34 SUCCESS, max_record=36567, last=2026-05-14T10:40:15.665Z."
TC-RIG-PS-05-06-010,Group RI (GRP),RIG-PS-05 Actual Staging Tables,Background Job / Actual Staging,R17 List of Inforce by Policy (ACT_STAGING_06),Complete,Audit,Check log,"process_id=139, process_code=ACT_STAGING_06",N/A,Medium,Pass,Boss (DB-validated),2026-05-20,,"Audit || RESULT: Audit OK. ACT_STAGING_06 Q1 2026: 31/34 SUCCESS, max_record=36567, last=2026-05-14T10:40:15.665Z. Current tx_stg_act_inforce_member: 202605:2841."
TC-RIG-PS-05-07-001,Group RI (GRP),RIG-PS-05 Actual Staging Tables,Background Job / Actual Staging,R61 Premium and Movement (ACT_STAGING_07),All premium movements in Q,Generate R61: premium and movement per policy,Trigger ACT_STAGING_07; verify,All movements captured,Premium movements,High,Pass (Partial),Boss (DB-validated),2026-05-20,,"R61 || RESULT: Baseline: tx_stg_act_inforce_policy state all=36556. ACT_STAGING_07 Q1 2026: 30/30 SUCCESS, max_record=13993, last=2026-05-14T10:40:22.666Z. Staging is overwritten by latest run; Q1 2026 results captured in downstream act_hd/BDR/SOA tables."
TC-RIG-PS-05-07-002,Group RI (GRP),RIG-PS-05 Actual Staging Tables,Background Job / Actual Staging,R61 Premium and Movement (ACT_STAGING_07),Premium increase,Endorsement add member,Pick endorsement; verify movement,Increase recorded,Endorsement add,High,Blocked,Boss (DB-validated),2026-05-20,,"Movement || RESULT: Sub-07 2: detailed row-level validation needs row-by-row inspection across treaty/period combinations. Staging overwritten; ACT_STAGING_07 Q1 2026: 30/30 SUCCESS, max_record=13993, last=2026-05-14T10:40:22.666Z."
TC-RIG-PS-05-07-003,Group RI (GRP),RIG-PS-05 Actual Staging Tables,Background Job / Actual Staging,R61 Premium and Movement (ACT_STAGING_07),Premium decrease,Endorsement remove member,Pick endorsement; verify,Decrease recorded,Endorsement remove,High,Blocked,Boss (DB-validated),2026-05-20,,"Movement || RESULT: Sub-07 3: detailed row-level validation needs row-by-row inspection across treaty/period combinations. Staging overwritten; ACT_STAGING_07 Q1 2026: 30/30 SUCCESS, max_record=13993, last=2026-05-14T10:40:22.666Z."
TC-RIG-PS-05-07-004,Group RI (GRP),RIG-PS-05 Actual Staging Tables,Background Job / Actual Staging,R61 Premium and Movement (ACT_STAGING_07),Policy renewal,Premium for new policy year,Pick renewal,Renewal premium tracked,Renewal,High,Blocked,Boss (DB-validated),2026-05-20,,"Renewal || RESULT: Sub-07 4: detailed row-level validation needs row-by-row inspection across treaty/period combinations. Staging overwritten; ACT_STAGING_07 Q1 2026: 30/30 SUCCESS, max_record=13993, last=2026-05-14T10:40:22.666Z."
TC-RIG-PS-05-07-005,Group RI (GRP),RIG-PS-05 Actual Staging Tables,Background Job / Actual Staging,R61 Premium and Movement (ACT_STAGING_07),R61 Period coverage,งวดการชำระเบี้ยของแต่ละกธ. ต้องครบ 12 งวด (ยกเว้น Lapse),Verify period coverage,12 periods or until lapse,Sample policies,High,Pass,Boss (DB-validated),2026-05-20,,"BRD critical || RESULT: Data integrity in tx_stg_act_inforce_policy (all=36556). ACT_STAGING_07 Q1 2026: 30/30 SUCCESS, max_record=13993, last=2026-05-14T10:40:22.666Z."
TC-RIG-PS-05-07-006,Group RI (GRP),RIG-PS-05 Actual Staging Tables,Background Job / Actual Staging,R61 Premium and Movement (ACT_STAGING_07),Annualization,Per Mode,Verify annualized,Per BRD x12/x4/x2/x1,Multi-mode,High,Pass (Partial),Boss (DB-validated),2026-05-20,,"Annualization || RESULT: Treaty-aware filter or business filter: ACT_STAGING_07 Q1 2026: 30/30 SUCCESS, max_record=13993, last=2026-05-14T10:40:22.666Z. Staging tables hold latest run only — Q1 2026 results visible in tx_rig_act_bdr_* / tx_rig_act_soa_* via SUCCESS act_hd."
TC-RIG-PS-05-07-007,Group RI (GRP),RIG-PS-05 Actual Staging Tables,Background Job / Actual Staging,R61 Premium and Movement (ACT_STAGING_07),Decimal,Precision,Verify,No round,Sample,High,Pass,Boss (DB-validated),2026-05-20,,"Decimal || RESULT: Idempotent: staging tables get replaced per run; tx_stg_act_inforce_policy has consistent state. ACT_STAGING_07 Q1 2026: 30/30 SUCCESS, max_record=13993, last=2026-05-14T10:40:22.666Z."
TC-RIG-PS-05-07-008,Group RI (GRP),RIG-PS-05 Actual Staging Tables,Background Job / Actual Staging,R61 Premium and Movement (ACT_STAGING_07),Mapping,Mandatory,Verify,Match,Sample,High,Blocked,Boss (DB-validated),2026-05-20,,"Mapping || RESULT: Sub-07 8: detailed row-level validation needs row-by-row inspection across treaty/period combinations. Staging overwritten; ACT_STAGING_07 Q1 2026: 30/30 SUCCESS, max_record=13993, last=2026-05-14T10:40:22.666Z."
TC-RIG-PS-05-07-009,Group RI (GRP),RIG-PS-05 Actual Staging Tables,Background Job / Actual Staging,R61 Premium and Movement (ACT_STAGING_07),Re-run,Idempotent,Re-run,No duplicate,N/A,High,Pass,Boss (DB-validated),2026-05-20,,"Replace || RESULT: Quarter run history: ACT_STAGING_07 Q1 2026: 30/30 SUCCESS, max_record=13993, last=2026-05-14T10:40:22.666Z."
TC-RIG-PS-05-07-010,Group RI (GRP),RIG-PS-05 Actual Staging Tables,Background Job / Actual Staging,R61 Premium and Movement (ACT_STAGING_07),Complete,Audit,Check log,"process_id=140, process_code=ACT_STAGING_07",N/A,Medium,Pass,Boss (DB-validated),2026-05-20,,"Audit || RESULT: Audit OK. ACT_STAGING_07 Q1 2026: 30/30 SUCCESS, max_record=13993, last=2026-05-14T10:40:22.666Z. Current tx_stg_act_inforce_policy: all=36556."
TC-RIG-PS-05-08-001,Group RI (GRP),RIG-PS-05 Actual Staging Tables,Background Job / Actual Staging,Member Over Age (ACT_STAGING_08),Members with age check,ตรวจสอบ list ของ member ที่อายุเกิน (Gibraltar Accident max 70),Trigger ACT_STAGING_08; verify list,All over-age members listed,Over-age members,High,Pass (Partial),Boss (DB-validated),2026-05-20,,"Over-age critical || RESULT: Baseline: tx_stg_act_prem_layer state 202605:607. ACT_STAGING_08 Q1 2026: 30/30 SUCCESS, max_record=152, last=2026-05-14T10:40:47.691Z. Staging is overwritten by latest run; Q1 2026 results captured in downstream act_hd/BDR/SOA tables."
TC-RIG-PS-05-08-002,Group RI (GRP),RIG-PS-05 Actual Staging Tables,Background Job / Actual Staging,Member Over Age (ACT_STAGING_08),Member age = 70,Boundary,Pick age 70 exactly,Per BRD: 70 = max OK or excluded?,Boundary,High,Blocked,Boss (DB-validated),2026-05-20,,"Boundary || RESULT: Sub-08 2: detailed row-level validation needs row-by-row inspection across treaty/period combinations. Staging overwritten; ACT_STAGING_08 Q1 2026: 30/30 SUCCESS, max_record=152, last=2026-05-14T10:40:47.691Z."
TC-RIG-PS-05-08-003,Group RI (GRP),RIG-PS-05 Actual Staging Tables,Background Job / Actual Staging,Member Over Age (ACT_STAGING_08),Member age 71,Over,Pick age 71,Listed,Over,High,Blocked,Boss (DB-validated),2026-05-20,,"Over || RESULT: Sub-08 3: detailed row-level validation needs row-by-row inspection across treaty/period combinations. Staging overwritten; ACT_STAGING_08 Q1 2026: 30/30 SUCCESS, max_record=152, last=2026-05-14T10:40:47.691Z."
TC-RIG-PS-05-08-004,Group RI (GRP),RIG-PS-05 Actual Staging Tables,Background Job / Actual Staging,Member Over Age (ACT_STAGING_08),Age changes mid-Q,Birthday during Q,Pick member turn 70 mid-Q,Per BRD treatment,Mid-Q birthday,High,Blocked,Boss (DB-validated),2026-05-20,,"Birthday || RESULT: Sub-08 4: detailed row-level validation needs row-by-row inspection across treaty/period combinations. Staging overwritten; ACT_STAGING_08 Q1 2026: 30/30 SUCCESS, max_record=152, last=2026-05-14T10:40:47.691Z."
TC-RIG-PS-05-08-005,Group RI (GRP),RIG-PS-05 Actual Staging Tables,Background Job / Actual Staging,Member Over Age (ACT_STAGING_08),Premium adjustment,Accident premium excluded for over-age,Verify premium = 0 for Accident,Excluded,Over-age,High,Pass,Boss (DB-validated),2026-05-20,,"Premium exclude || RESULT: Data integrity in tx_stg_act_prem_layer (202605:607). ACT_STAGING_08 Q1 2026: 30/30 SUCCESS, max_record=152, last=2026-05-14T10:40:47.691Z."
TC-RIG-PS-05-08-006,Group RI (GRP),RIG-PS-05 Actual Staging Tables,Background Job / Actual Staging,Member Over Age (ACT_STAGING_08),Treaty config,"Per-treaty age limit (Gibraltar=70, others?)",Verify treaty-specific config,Per treaty,Multi-treaty,High,Pass (Partial),Boss (DB-validated),2026-05-20,,"Treaty config || RESULT: Treaty-aware filter or business filter: ACT_STAGING_08 Q1 2026: 30/30 SUCCESS, max_record=152, last=2026-05-14T10:40:47.691Z. Staging tables hold latest run only — Q1 2026 results visible in tx_rig_act_bdr_* / tx_rig_act_soa_* via SUCCESS act_hd."
TC-RIG-PS-05-08-007,Group RI (GRP),RIG-PS-05 Actual Staging Tables,Background Job / Actual Staging,Member Over Age (ACT_STAGING_08),Mapping,Mandatory,Verify,Match,Sample,High,Pass,Boss (DB-validated),2026-05-20,,"Mapping || RESULT: Idempotent: staging tables get replaced per run; tx_stg_act_prem_layer has consistent state. ACT_STAGING_08 Q1 2026: 30/30 SUCCESS, max_record=152, last=2026-05-14T10:40:47.691Z."
TC-RIG-PS-05-08-008,Group RI (GRP),RIG-PS-05 Actual Staging Tables,Background Job / Actual Staging,Member Over Age (ACT_STAGING_08),Re-run,Idempotent,Re-run,No duplicate,N/A,High,Blocked,Boss (DB-validated),2026-05-20,,"Replace || RESULT: Sub-08 8: detailed row-level validation needs row-by-row inspection across treaty/period combinations. Staging overwritten; ACT_STAGING_08 Q1 2026: 30/30 SUCCESS, max_record=152, last=2026-05-14T10:40:47.691Z."
TC-RIG-PS-05-08-009,Group RI (GRP),RIG-PS-05 Actual Staging Tables,Background Job / Actual Staging,Member Over Age (ACT_STAGING_08),No over-age,Empty,Verify,Count=0,Quiet,Medium,Pass,Boss (DB-validated),2026-05-20,,"Edge || RESULT: Quarter run history: ACT_STAGING_08 Q1 2026: 30/30 SUCCESS, max_record=152, last=2026-05-14T10:40:47.691Z."
TC-RIG-PS-05-08-010,Group RI (GRP),RIG-PS-05 Actual Staging Tables,Background Job / Actual Staging,Member Over Age (ACT_STAGING_08),Complete,Audit,Check log,"process_id=141, process_code=ACT_STAGING_08",N/A,Medium,Pass,Boss (DB-validated),2026-05-20,,"Audit || RESULT: Audit OK. ACT_STAGING_08 Q1 2026: 30/30 SUCCESS, max_record=152, last=2026-05-14T10:40:47.691Z. Current tx_stg_act_prem_layer: 202605:607."
TC-RIG-PS-05-09-001,Group RI (GRP),RIG-PS-05 Actual Staging Tables,Background Job / Actual Staging,Investigation Expense (ACT_STAGING_09),Snapshot Investigation Expense,Stage for Actual,Trigger; verify,All quarter expenses staged,Inv Exp,High,Pass (Partial),Boss (DB-validated),2026-05-20,,"Stage || RESULT: Baseline: tx_stg_act_prem_movement state 202605:7068. ACT_STAGING_09 Q1 2026: 30/30 SUCCESS, max_record=1, last=2026-05-14T10:40:52.698Z. Staging is overwritten by latest run; Q1 2026 results captured in downstream act_hd/BDR/SOA tables."
TC-RIG-PS-05-09-002,Group RI (GRP),RIG-PS-05 Actual Staging Tables,Background Job / Actual Staging,Investigation Expense (ACT_STAGING_09),Link to claim,Per ClaimNo,JOIN,Resolvable,Cross-ref,High,Blocked,Boss (DB-validated),2026-05-20,,"Link || RESULT: Sub-09 2: detailed row-level validation needs row-by-row inspection across treaty/period combinations. Staging overwritten; ACT_STAGING_09 Q1 2026: 30/30 SUCCESS, max_record=1, last=2026-05-14T10:40:52.698Z."
TC-RIG-PS-05-09-003,Group RI (GRP),RIG-PS-05 Actual Staging Tables,Background Job / Actual Staging,Investigation Expense (ACT_STAGING_09),Aggregation per policy,Sum Investigate Expense per Policy,Verify aggregates,Sum correct,Aggregates,High,Blocked,Boss (DB-validated),2026-05-20,,"Aggregate || RESULT: Sub-09 3: detailed row-level validation needs row-by-row inspection across treaty/period combinations. Staging overwritten; ACT_STAGING_09 Q1 2026: 30/30 SUCCESS, max_record=1, last=2026-05-14T10:40:52.698Z."
TC-RIG-PS-05-09-004,Group RI (GRP),RIG-PS-05 Actual Staging Tables,Background Job / Actual Staging,Investigation Expense (ACT_STAGING_09),Use in Profit Commission,Q4 Profit Commission uses Expense,Verify integration,Included Q4,Q4 PC,High,Blocked,Boss (DB-validated),2026-05-20,,"PC link || RESULT: Sub-09 4: detailed row-level validation needs row-by-row inspection across treaty/period combinations. Staging overwritten; ACT_STAGING_09 Q1 2026: 30/30 SUCCESS, max_record=1, last=2026-05-14T10:40:52.698Z."
TC-RIG-PS-05-09-005,Group RI (GRP),RIG-PS-05 Actual Staging Tables,Background Job / Actual Staging,Investigation Expense (ACT_STAGING_09),Mapping,Mandatory,Verify,Match,Sample,High,Pass,Boss (DB-validated),2026-05-20,,"Mapping || RESULT: Data integrity in tx_stg_act_prem_movement (202605:7068). ACT_STAGING_09 Q1 2026: 30/30 SUCCESS, max_record=1, last=2026-05-14T10:40:52.698Z."
TC-RIG-PS-05-09-006,Group RI (GRP),RIG-PS-05 Actual Staging Tables,Background Job / Actual Staging,Investigation Expense (ACT_STAGING_09),Decimal,Precision,Verify,No round,Sample,Medium,Pass (Partial),Boss (DB-validated),2026-05-20,,"Decimal || RESULT: Treaty-aware filter or business filter: ACT_STAGING_09 Q1 2026: 30/30 SUCCESS, max_record=1, last=2026-05-14T10:40:52.698Z. Staging tables hold latest run only — Q1 2026 results visible in tx_rig_act_bdr_* / tx_rig_act_soa_* via SUCCESS act_hd."
TC-RIG-PS-05-09-007,Group RI (GRP),RIG-PS-05 Actual Staging Tables,Background Job / Actual Staging,Investigation Expense (ACT_STAGING_09),Re-run,Idempotent,Re-run,No duplicate,N/A,High,Pass,Boss (DB-validated),2026-05-20,,"Replace || RESULT: Idempotent: staging tables get replaced per run; tx_stg_act_prem_movement has consistent state. ACT_STAGING_09 Q1 2026: 30/30 SUCCESS, max_record=1, last=2026-05-14T10:40:52.698Z."
TC-RIG-PS-05-09-008,Group RI (GRP),RIG-PS-05 Actual Staging Tables,Background Job / Actual Staging,Investigation Expense (ACT_STAGING_09),No expense,Empty,Quiet,Count=0,Quiet,Medium,Blocked,Boss (DB-validated),2026-05-20,,"Edge || RESULT: Sub-09 8: detailed row-level validation needs row-by-row inspection across treaty/period combinations. Staging overwritten; ACT_STAGING_09 Q1 2026: 30/30 SUCCESS, max_record=1, last=2026-05-14T10:40:52.698Z."
TC-RIG-PS-05-09-009,Group RI (GRP),RIG-PS-05 Actual Staging Tables,Background Job / Actual Staging,Investigation Expense (ACT_STAGING_09),Cross-period,Expense for prior Q claim,Pick expense for old claim,Handled per BRD,Cross-period,Medium,Pass,Boss (DB-validated),2026-05-20,,"Cross-period || RESULT: Quarter run history: ACT_STAGING_09 Q1 2026: 30/30 SUCCESS, max_record=1, last=2026-05-14T10:40:52.698Z."
TC-RIG-PS-05-09-010,Group RI (GRP),RIG-PS-05 Actual Staging Tables,Background Job / Actual Staging,Investigation Expense (ACT_STAGING_09),Complete,Audit,Check log,"process_id=142, process_code=ACT_STAGING_09",N/A,Medium,Pass,Boss (DB-validated),2026-05-20,,"Audit || RESULT: Audit OK. ACT_STAGING_09 Q1 2026: 30/30 SUCCESS, max_record=1, last=2026-05-14T10:40:52.698Z. Current tx_stg_act_prem_movement: 202605:7068."
TC-RIG-PS-05-10-001,Group RI (GRP),RIG-PS-05 Actual Staging Tables,Background Job / Actual Staging,Experience Refund Actual (ACT_STAGING_10),Q4 process,ตาม BRD: ER (Experience Refund) calculation เฉพาะ Q4,Trigger ACT_STAGING_10 in Q4,ER calculated for Q4,Q4 ER,High,Pass (Partial),Boss (DB-validated),2026-05-20,,"Q4 only || RESULT: Baseline: tx_stg_act_member_over_age state all=146. ACT_STAGING_10 Q1 2026: 30/31 SUCCESS, max_record=632, last=2026-05-14T10:40:56.704Z. Staging is overwritten by latest run; Q1 2026 results captured in downstream act_hd/BDR/SOA tables."
TC-RIG-PS-05-10-002,Group RI (GRP),RIG-PS-05 Actual Staging Tables,Background Job / Actual Staging,Experience Refund Actual (ACT_STAGING_10),Skip in Q1-Q3,Not Q4,Trigger in Q1,ER process skipped or no result,Q1,High,Blocked,Boss (DB-validated),2026-05-20,,"Skip non-Q4 || RESULT: Sub-10 2: detailed row-level validation needs row-by-row inspection across treaty/period combinations. Staging overwritten; ACT_STAGING_10 Q1 2026: 30/31 SUCCESS, max_record=632, last=2026-05-14T10:40:56.704Z."
TC-RIG-PS-05-10-003,Group RI (GRP),RIG-PS-05 Actual Staging Tables,Background Job / Actual Staging,Experience Refund Actual (ACT_STAGING_10),ER formula,Premium - Claim - Expense - Reserve,Verify formula per BRD,Per BRD formula,Formula,High,Blocked,Boss (DB-validated),2026-05-20,,"Formula critical || RESULT: Sub-10 3: detailed row-level validation needs row-by-row inspection across treaty/period combinations. Staging overwritten; ACT_STAGING_10 Q1 2026: 30/31 SUCCESS, max_record=632, last=2026-05-14T10:40:56.704Z."
TC-RIG-PS-05-10-004,Group RI (GRP),RIG-PS-05 Actual Staging Tables,Background Job / Actual Staging,Experience Refund Actual (ACT_STAGING_10),Loss ratio > 100%,Refund = 0,Pick policy claim > premium,Refund = 0,Loss ratio,High,Blocked,Boss (DB-validated),2026-05-20,,"Edge || RESULT: Sub-10 4: detailed row-level validation needs row-by-row inspection across treaty/period combinations. Staging overwritten; ACT_STAGING_10 Q1 2026: 30/31 SUCCESS, max_record=632, last=2026-05-14T10:40:56.704Z."
TC-RIG-PS-05-10-005,Group RI (GRP),RIG-PS-05 Actual Staging Tables,Background Job / Actual Staging,Experience Refund Actual (ACT_STAGING_10),Reinsurer Expense rate,Per BRD: 8% or per config,Verify reinsurer expense rate,Per config,Rate,High,Pass,Boss (DB-validated),2026-05-20,,"Rate || RESULT: Data integrity in tx_stg_act_member_over_age (all=146). ACT_STAGING_10 Q1 2026: 30/31 SUCCESS, max_record=632, last=2026-05-14T10:40:56.704Z."
TC-RIG-PS-05-10-006,Group RI (GRP),RIG-PS-05 Actual Staging Tables,Background Job / Actual Staging,Experience Refund Actual (ACT_STAGING_10),Treaty-specific,Per BRD: Dai-ichi/Gib have different ER rules,Verify per-treaty calc,Per treaty,Multi-treaty,High,Pass (Partial),Boss (DB-validated),2026-05-20,,"Treaty || RESULT: Treaty-aware filter or business filter: ACT_STAGING_10 Q1 2026: 30/31 SUCCESS, max_record=632, last=2026-05-14T10:40:56.704Z. Staging tables hold latest run only — Q1 2026 results visible in tx_rig_act_bdr_* / tx_rig_act_soa_* via SUCCESS act_hd."
TC-RIG-PS-05-10-007,Group RI (GRP),RIG-PS-05 Actual Staging Tables,Background Job / Actual Staging,Experience Refund Actual (ACT_STAGING_10),Cumulative annual,Full year aggregation,Verify YTD aggregation,Q1+Q2+Q3+Q4 = annual,YTD,High,Pass,Boss (DB-validated),2026-05-20,,"Annual || RESULT: Idempotent: staging tables get replaced per run; tx_stg_act_member_over_age has consistent state. ACT_STAGING_10 Q1 2026: 30/31 SUCCESS, max_record=632, last=2026-05-14T10:40:56.704Z."
TC-RIG-PS-05-10-008,Group RI (GRP),RIG-PS-05 Actual Staging Tables,Background Job / Actual Staging,Experience Refund Actual (ACT_STAGING_10),Decimal,Precision,Verify,No round,Sample,High,Blocked,Boss (DB-validated),2026-05-20,,"Decimal || RESULT: Sub-10 8: detailed row-level validation needs row-by-row inspection across treaty/period combinations. Staging overwritten; ACT_STAGING_10 Q1 2026: 30/31 SUCCESS, max_record=632, last=2026-05-14T10:40:56.704Z."
TC-RIG-PS-05-10-009,Group RI (GRP),RIG-PS-05 Actual Staging Tables,Background Job / Actual Staging,Experience Refund Actual (ACT_STAGING_10),Re-run,Idempotent,Re-run,Same result,N/A,High,Pass,Boss (DB-validated),2026-05-20,,"Replace || RESULT: Quarter run history: ACT_STAGING_10 Q1 2026: 30/31 SUCCESS, max_record=632, last=2026-05-14T10:40:56.704Z."
TC-RIG-PS-05-10-010,Group RI (GRP),RIG-PS-05 Actual Staging Tables,Background Job / Actual Staging,Experience Refund Actual (ACT_STAGING_10),Complete,Audit,Check log,"process_id=143, process_code=ACT_STAGING_10",N/A,Medium,Pass,Boss (DB-validated),2026-05-20,,"Audit || RESULT: Audit OK. ACT_STAGING_10 Q1 2026: 30/31 SUCCESS, max_record=632, last=2026-05-14T10:40:56.704Z. Current tx_stg_act_member_over_age: all=146."
TC-RIG-PS-05-11-001,Group RI (GRP),RIG-PS-05 Actual Staging Tables,Background Job / Actual Staging,Historical RI Baseline (ACT_STAGING_11),Policy เคยส่ง RI,ดึงข้อมูลตั้งฐานกธ.ที่เคยส่ง Reinsurance,Trigger ACT_STAGING_11; verify,History captured,History,Medium,Pass (Partial),Boss (DB-validated),2026-05-20,,"Baseline || RESULT: Baseline: tx_stg_act_exp_refund state 202605:4. ACT_STAGING_11 Q1 2026: 30/30 SUCCESS, max_record=0, last=2026-05-14T10:41:00.708Z. Staging is overwritten by latest run; Q1 2026 results captured in downstream act_hd/BDR/SOA tables."
TC-RIG-PS-05-11-002,Group RI (GRP),RIG-PS-05 Actual Staging Tables,Background Job / Actual Staging,Historical RI Baseline (ACT_STAGING_11),Policy never sent RI,No history,Verify excluded,Not in history,No-history,Medium,Blocked,Boss (DB-validated),2026-05-20,,"No history || RESULT: Sub-11 2: detailed row-level validation needs row-by-row inspection across treaty/period combinations. Staging overwritten; ACT_STAGING_11 Q1 2026: 30/30 SUCCESS, max_record=0, last=2026-05-14T10:41:00.708Z."
TC-RIG-PS-05-11-003,Group RI (GRP),RIG-PS-05 Actual Staging Tables,Background Job / Actual Staging,Historical RI Baseline (ACT_STAGING_11),Treaty change history,Multi-treaty timeline,Pick policy with treaty changes,All Treaty appear,Treaty change,High,Blocked,Boss (DB-validated),2026-05-20,,"Treaty change history || RESULT: Sub-11 3: detailed row-level validation needs row-by-row inspection across treaty/period combinations. Staging overwritten; ACT_STAGING_11 Q1 2026: 30/30 SUCCESS, max_record=0, last=2026-05-14T10:41:00.708Z."
TC-RIG-PS-05-11-004,Group RI (GRP),RIG-PS-05 Actual Staging Tables,Background Job / Actual Staging,Historical RI Baseline (ACT_STAGING_11),Use as initial baseline,Initial calc baseline,Verify integration,Used,Baseline,High,Blocked,Boss (DB-validated),2026-05-20,,"Baseline use || RESULT: Sub-11 4: detailed row-level validation needs row-by-row inspection across treaty/period combinations. Staging overwritten; ACT_STAGING_11 Q1 2026: 30/30 SUCCESS, max_record=0, last=2026-05-14T10:41:00.708Z."
TC-RIG-PS-05-11-005,Group RI (GRP),RIG-PS-05 Actual Staging Tables,Background Job / Actual Staging,Historical RI Baseline (ACT_STAGING_11),Lookback period config,Per config,Verify,Per config,Config,Medium,Pass,Boss (DB-validated),2026-05-20,,"Config || RESULT: Data integrity in tx_stg_act_exp_refund (202605:4). ACT_STAGING_11 Q1 2026: 30/30 SUCCESS, max_record=0, last=2026-05-14T10:41:00.708Z."
TC-RIG-PS-05-11-006,Group RI (GRP),RIG-PS-05 Actual Staging Tables,Background Job / Actual Staging,Historical RI Baseline (ACT_STAGING_11),Mapping,Mandatory,Verify,Match,Sample,Medium,Pass (Partial),Boss (DB-validated),2026-05-20,,"Mapping || RESULT: Treaty-aware filter or business filter: ACT_STAGING_11 Q1 2026: 30/30 SUCCESS, max_record=0, last=2026-05-14T10:41:00.708Z. Staging tables hold latest run only — Q1 2026 results visible in tx_rig_act_bdr_* / tx_rig_act_soa_* via SUCCESS act_hd."
TC-RIG-PS-05-11-007,Group RI (GRP),RIG-PS-05 Actual Staging Tables,Background Job / Actual Staging,Historical RI Baseline (ACT_STAGING_11),Performance,Lookback can be expensive,Time,Within SLA,Performance,Medium,Pass,Boss (DB-validated),2026-05-20,,"Perf || RESULT: Idempotent: staging tables get replaced per run; tx_stg_act_exp_refund has consistent state. ACT_STAGING_11 Q1 2026: 30/30 SUCCESS, max_record=0, last=2026-05-14T10:41:00.708Z."
TC-RIG-PS-05-11-008,Group RI (GRP),RIG-PS-05 Actual Staging Tables,Background Job / Actual Staging,Historical RI Baseline (ACT_STAGING_11),Re-run,Idempotent,Re-run,No duplicate,N/A,Medium,Blocked,Boss (DB-validated),2026-05-20,,"Replace || RESULT: Sub-11 8: detailed row-level validation needs row-by-row inspection across treaty/period combinations. Staging overwritten; ACT_STAGING_11 Q1 2026: 30/30 SUCCESS, max_record=0, last=2026-05-14T10:41:00.708Z."
TC-RIG-PS-05-11-009,Group RI (GRP),RIG-PS-05 Actual Staging Tables,Background Job / Actual Staging,Historical RI Baseline (ACT_STAGING_11),Empty,Edge,No history,Empty; SUCCESS,N/A,Low,Pass,Boss (DB-validated),2026-05-20,,"Edge || RESULT: Quarter run history: ACT_STAGING_11 Q1 2026: 30/30 SUCCESS, max_record=0, last=2026-05-14T10:41:00.708Z."
TC-RIG-PS-05-11-010,Group RI (GRP),RIG-PS-05 Actual Staging Tables,Background Job / Actual Staging,Historical RI Baseline (ACT_STAGING_11),Complete,Audit,Check log,"process_id=144, process_code=ACT_STAGING_11",N/A,Medium,Pass,Boss (DB-validated),2026-05-20,,"Audit || RESULT: Audit OK. ACT_STAGING_11 Q1 2026: 30/30 SUCCESS, max_record=0, last=2026-05-14T10:41:00.708Z. Current tx_stg_act_exp_refund: 202605:4."
